{
  "version": 1,
  "author": "Agus Darmawan",
  "editor": "wokwi",
  "parts": [
    {
      "type": "board-esp32-c3-devkitm-1",
      "id": "esp",
      "top": -29.1,
      "left": -214.98,
      "attrs": {}
    },
    {
      "type": "wokwi-mpu6050",
      "id": "imu1",
      "top": 12.58,
      "left": -102.68,
      "rotate": 270,
      "attrs": {}
    },
    {
      "type": "wokwi-pushbutton",
      "id": "btn1",
      "top": 15.8,
      "left": -307.2,
      "attrs": { "color": "red", "xray": "1" }
    },
    {
      "type": "wokwi-resistor",
      "id": "r1",
      "top": 157.55,
      "left": -220.8,
      "attrs": { "value": "10000" }
    },
    { "type": "wokwi-led", "id": "led1", "top": -61.2, "left": -217, "attrs": { "color": "red" } },
    {
      "type": "wokwi-resistor",
      "id": "r2",
      "top": -34.15,
      "left": -164.6,
      "rotate": 180,
      "attrs": { "value": "220" }
    },
    {
      "type": "wokwi-text",
      "id": "text1",
      "top": -124.8,
      "left": -240,
      "attrs": { "text": "Cubesat Segment\n" }
    }
  ],
  "connections": [
    [ "esp:TX", "$serialMonitor:RX", "", [] ],
    [ "esp:RX", "$serialMonitor:TX", "", [] ],
    [ "imu1:SDA", "esp:8", "green", [] ],
    [ "imu1:SCL", "esp:9", "yellow", [] ],
    [ "esp:GND.10", "imu1:GND", "black", [] ],
    [ "imu1:VCC", "esp:3V3.1", "red", [ "h-28.8", "v134.32", "h-115.2", "v-144" ] ],
    [ "esp:3V3.2", "btn1:1.r", "red", [ "h-19.2", "v76.8" ] ],
    [ "btn1:2.r", "r1:1", "black", [ "h0.2", "v57.8" ] ],
    [ "r1:2", "esp:GND.6", "black", [ "h56.4", "v-38.4" ] ],
    [ "btn1:2.r", "esp:4", "yellow", [ "h9.8", "v105.8", "h115.2", "v-67.2" ] ],
    [ "esp:5", "r2:1", "orange", [] ],
    [ "r2:2", "led1:A", "orange", [ "h-18", "v9.6" ] ],
    [ "led1:C", "esp:GND.2", "black", [ "h-38", "v76.8" ] ]
  ],
  "dependencies": {}
}